Resource name,Image for curation,Why is this a good resource?,URL,Date resource was added,Endorsed by,Copyright/ Conditions of use,Languages,What type of resource is this?,How is this resource best used?,Resource skill level,Primary resource skill level for tag display,Time to use the resource,Primary Topic,Tags,Practices,Skills,Primary format for icons,Digital Standards,Resource author,Organizational affiliation of this resource,Cost,Year of resource creation
Governance in the digital age,,"Written by Kent Aitken, Policy Lead at the Digital Academy. It is a comprehensive report written from 300+ interviews as to the state and challenges of digital transformation in government.",https://ppforum.ca/publications/governance-in-the-digital-age/,"13 June, 2019","""Ahmad , Sabrina""",Unknown,"English,French","Research,Case study",Read - Report,Beginner/ Débutant,Beginner/ Débutant,7.5 h,Digital government,"digital government,open government, digital leadership,",,,Read,Not directly applicable to any standard,"""Aitken , Kent""",Canada's Public Policy Forum,,2018
Value sensitive design,,"A number of resources and considerations to help ensure that design projects we undertake are ethical, inclusive, reflect on the entire system, including direct and indirect stakeholders. ",https://vsdesign.org,"17 June, 2019","""Cheinman , Ksenia """,Free to use in some cases,English,"How to,Tool","Use - Guide,Use - Collection of resources","Intermediate/ Intermédiaire,Advanced/ Avancé",Intermediate/ Intermédiaire,2 h,Design,"Moral, value, ethics, design, ideas",Inclusive design,"Ethics,Being inclusive ",Use,"Design with users,Address security and privacy risks,Empower employees to deliver better services",,University of Washington Information School,,N/A
Old habits die hard (when feelings get in the way),,Highlights the difficulty and importance of moving away from personal opinions and to focusing on top user tasks.,https://blog.canada.ca/2018/03/14/old-habits-die-hard.html,"28 June, 2019","""Cheinman , Ksenia """,Free to use in some cases,"English,French",Opinion,Read - Blog post,Beginner/ Débutant,Beginner/ Débutant,5 min,Design,"user testing, culture change, task completion",,,Read,Design with users,"""Côté , Celeste""","""Treasury Board of Canada Secretariat, TBS""",,2018
Fundamentals of data analysis for government,,A course targeting government employees that have a qualitative understanding of their work but have yet to master the quantitative skills required to leverage data in their day- to-day responsibilities.,https://data-academy.skilljar.com/,"28 June, 2019","""Hoyt , Mandy """,Free to use,English,"How to,Awareness",Participate - Course online,Beginner/ Débutant,Beginner/ Débutant,7.5 h,Data,"data, data literacy,visualization, data culture, tools","Data analysis,Using data for decision-making","Making sense of data,Integrating quantitative and qualitative data anaysis,Understanding data tools,Applying data tools",Participate,Not directly applicable to any standard,,Socrata Data Academy,,N/A
Finding stories in data,,"At the heart of driving change is the skill of finding and telling stories, using where relevant, compelling visualizations.",https://findingstories.learndata.info/#/,"28 June, 2019","""Hoyt , Mandy """,Free to use,English,"Practice/Simulation ,Tool,Awareness,How to","Participate - Course online,Read - Article,Use - Assessment",Beginner/ Débutant,Beginner/ Débutant,7.5 h,Data,"visulaization, storytelling, data, pivot tables",Data use and presentation,"Storytelling with data,Data visualization",Participate,"Empower employees to deliver better services,Address security and privacy risks",,Open Data Institute (UK),,N/A
Introduction to data modelling,,"Go from conceptual to practical as you build your data modelling foundation. Explore data and data design concepts, before you begin sourcing, preparingdesigning and manipulating data. ",https://www.edx.org/course/introduction-data-modeling-4,"28 June, 2019","""Hoyt , Mandy """,Free to use,English,"How to,Practice/Simulation ,Awareness","Watch - Webinar,Read - Syllabus,Use - Collection of resources,Participate - Course online",Intermediate/ Intermédiaire,Intermediate/ Intermédiaire,20 h,Data,"logic model,physical model,data,devOps,transactional databases,","Data awareness,Data analysis,Data storage and retrieval",Database design,Participate,Address security and privacy risks,,"edX,Microsoft",,N/A
Diseases and immunization optimization project,,"Great example of a web content improvement project based on user needs in the health sector. Includes approach, success metrics, discoveries, visuals. ",https://blog.canada.ca/research-summaries/diseases-research-summary.html,"28 June, 2019","""Cheinman , Ksenia """,Free to use in some cases,"French,English","Case study,Research,How to",Read - Article,Intermediate/ Intermédiaire,Intermediate/ Intermédiaire,10 min,Design,"usability testing, evidence-based decision making, information architecture, chunking, ",,,Read,Design with users,,"""Treasury Board of Canada Secretariat, TBS""",,2018
 Weaponization of Education Data,https://s3.amazonaws.com/hackedu/2017-ed-tech-trends-5.jpg,"Thoroughly researched and documented, the author takes you on a journey of the dark side of data. Showing how prolific and devastating data misuse can be. ",http://hackeducation.com/2017/12/11/top-ed-tech-trends-weaponized-data,"28 June, 2019","""Cheinman , Ksenia """,Not free to use,English,"Opinion,Research",Read - Article,Beginner/ Débutant,Beginner/ Débutant,30 min,Data,"critic of educational technology, privacy, data use, inclusion, ethics","Data awareness,Human analytics,Data use and presentation","Ethics,Thinking about data,Security and privacy",Read,"Be good data stewards,Design ethical services,Address security and privacy risks","""Watters , Audrey""",,,2017
GC UX Community Meetup ,https://img.evbuc.com/https%3A%2F%2Fcdn.evbuc.com%2Fimages%2F59835521%2F2733832803%2F1%2Foriginal.jpg?w=1000&auto=compress&rect=0%2C18%2C960%2C480&s=103c73258eaa37dc45a196fee2608a86,Meet like-minded people trying to improve user experience in the Government of Canada context. ,https://www.eventbrite.ca/e/gc-ux-community-meetup-rendez-vous-de-la-communaute-ux-du-gc-tickets-59967615753#,"28 June, 2019","""Cheinman , Ksenia """,Unknown,"English,French,Not Applicable",Awareness,Participate - Meetup,"Beginner/ Débutant,Intermediate/ Intermédiaire,Advanced/ Avancé",Intermediate/ Intermédiaire,2 h,Design,"ux, user experience, design, service design",,,Participate,Design with users,,,,N/A
Content design using data and evidence,https://assets.website-files.com/5acbe3b595ba2b13138c302b/5acd23a3fb4f189190e2def6_podcast-meta.png,"Explains the difference between writing, editing, copyrighting and digital content design, tells the story of Gov.UK process of converting 75,000 pieces of content into 3,000, explains how to obtain data and evidence to support content design.",https://www.contentstrategy.com/podcast/ep-4-sarah-richards-and-content-design,"28 June, 2019","""Cheinman , Ksenia """,Unknown,English,"Case study,Awareness,Opinion",Listen - Podcast,Beginner/ Débutant,Beginner/ Débutant,30 min,Design,"government, UK, content strategy, data, ux content strategist","Design research,Content design,Content strategy","Understanding content design,Writing for users,Using data and user research,Data collection",Listen,Design with users,"""Richards , Sarah""",UK Digital Service,,2018
Ethics of algorithms: Mapping the debate,https://journals.sagepub.com/pb-assets/Images/SJ_Twitter_Card.jpg,Overview of the ethical problems introduced by algorithmic decision-making and an attempt to categorize them to better make sense of the types of ethical implications.,https://doi.org/10.1177/2053951716679679,"28 June, 2019","""Cheinman , Ksenia """,Free to use in some cases,English,"Research,Awareness",Read - Article,"Intermediate/ Intermédiaire,Advanced/ Avancé",Intermediate/ Intermédiaire,30 min,Artificial intelligence (AI)/Machine learning (ML),"Algorithms, automation, Big Data, data analytics, data mining, ethics, machine learning",,,Read,Design ethical services,"""Mittelstadt , Brent Daniel""",University of Oxford,,2016
Doing Research with Social Media Data - Ethics,https://i.ytimg.com/vi/vF9Mgd-4tXQ/maxresdefault.jpg,"Overview of how and why to use social media data to better understand our social context, as well as the ethical implications surrounding this practice. ",https://youtu.be/vF9Mgd-4tXQ,"28 June, 2019","""Cheinman , Ksenia """,Unknown,English,"How to,Awareness,Research",Watch - Webcast,Intermediate/ Intermédiaire,Intermediate/ Intermédiaire,2 h,Data,"data collection, data storage, data use, data reuse, data analysis, data preservation",,,Watch,Be good data stewards,"""Gruzd , Anatoliy""",Ryerson University,,2015
Designing for accessibility is not that hard,https://miro.medium.com/freeze/max/1200/1*cHY0x1fZ1bI98CDD_Ox9OA.gif,"Easy to implement, clear examples with captivating illustrations and a list of helpful tools to support web accessibility.",https://uxdesign.cc/designing-for-accessibility-is-not-that-hard-c04cc4779d94,"28 June, 2019","""Cheinman , Ksenia """,Unknown,English,"Tool,How to","Read - Article,Use - Collection of resources",Beginner/ Débutant,Beginner/ Débutant,30 min,Design,accessibility,"Inclusive design,Interaction design",Accessibility,Read,Build in accessibility from the start,"""Stanley , Pablo """,UX Collective,,2018
"How to Use Airtable for Content Audits, Part 1",https://miro.medium.com/max/1200/0*hEV8I7Zeh2otlnjJ.png,Excellent break down of how to do a web content audit using an online database tool that helps to visualize and sort through data effectively. ,https://medium.com/@Think_Company/how-to-use-airtable-for-content-audits-part-1-d9007d67bbb7,"28 June, 2019","""Cheinman , Ksenia """,Unknown,English,"How to,Opinion,Tool","Read - Article,Use - Template,Use - Tutorial","Intermediate/ Intermédiaire,Advanced/ Avancé",Intermediate/ Intermédiaire,5 min,Design,"content audit, content strategy","Content strategy,Content design",Content inventory and audit,Use,Design with users,"""Munson , Holly""",Think Company,,2018
Information architecture course,,Co-designed by government employees with insight into UX and IA contexts of the Government of Canada with many examples to illustrate concepts.,https://dis-sin.github.io/ia-learning/index-e.html,"28 June, 2019","""Cheinman , Ksenia """,Free to use,"English,French","Awareness,How to","Read - Course material,Use - Collection of resources","Beginner/ Débutant,Intermediate/ Intermédiaire",Intermediate/ Intermédiaire,2 h,Design,information architecture,"Information architecture,Content design","Information architecture principles,Organizing information,Making information findable through search,Structuring information,Labelling of information,Understanding information architecture,Designing navigation",Read,Design with users,"""Cheinman , Ksenia "",""Farquharson , Chad""","""Canada School of Public Service, CSPS"",""Canada Revenue Agency, CRA""",,2019
Open Data 101,,"Describes Canada's open data principles and the importance of open data. Includes a glossary of well-used terms (data, machine readable, open government, open information, etc.).",https://open.canada.ca/en/open-data-principles,"29 June, 2019","""Evans , Ashley""",Free to use,"English,French",Awareness,Read - Article,Beginner/ Débutant,Beginner/ Débutant,10 min,Data,"Open, data, access, information, principles",,,Read,"Collaborate widely,Work in the open by default",,"""Treasury Board of Canada Secretariat, TBS""",,2017
Data Science 101,https://cognitiveclass.ai/wp-content/uploads/2016/08/Data-Science-101_smaller-image-e1471973150511.png,"Open, free course for anyone interested in data science. ",https://cognitiveclass.ai/courses/data-science-101/,"1 July, 2019","""Evans , Ashley""",Free to use,English,"Awareness,How to,Case study",Participate - Course online,Beginner/ Débutant,Beginner/ Débutant,2 h,Artificial intelligence (AI)/Machine learning (ML),"Data, science, business, use cases",,,Participate,Be good data stewards,"""Manjengwa , Shingai""","""Treasury Board of Canada Secretariat, TBS""",,N/A
Fundamental Principles of Analytical Design,,"Patrick Boily, AI/ML professor of the Digital Academy, summarizes Edward Tufte's 2006 article, Fundamental Principles of Analytical Design, and illustrates the principles through health and wealth data visualizations.",https://www.data-action-lab.com/wp-content/uploads/2018/10/DSRS_FPAD.pdfP,"1 July, 2019","""Evans , Ashley""",Free to use,English,"Case study,Research",Read - Article,Advanced/ Avancé,Advanced/ Avancé,60 min,Artificial intelligence (AI)/Machine learning (ML),"Data, visualization, analyze, design, health, wealth, charts",,,Read,Be good data stewards,"""Boily , Patrick""",University of Ottawa,,2018
AI Practitioners in Government of Canada,https://avatars2.githubusercontent.com/u/45179177?s=400&v=4,Research and analysis by GCentrepreneurs on the AI practitioners landscape in the Government of Canada.,https://github.com/CSPS-EFPC-DAAN/Data-AI-ML/blob/master/Slides/3%20-%20AI%20practitioners%20in%20the%20GoC.pdf,"1 July, 2019","""Evans , Ashley""",Free to use,"English,French","Case study,Awareness,Research",Read - Presentation notes,"Beginner/ Débutant,Intermediate/ Intermédiaire",Beginner/ Débutant,30 min,Data,"Government, artificial intelligence, practitioner, learn, culture",,,Read,Work in the open by default,,GCentrepreneur,,2018
Why design should include everyone,https://i.ytimg.com/vi/RD_SLJG7oi8/maxresdefault.jpg,"Sinéad Burke is acutely aware of details that are practically invisible to many of us. At 105 centimeters (or 3' 5"") tall, the designed world -- from the height of a lock to the range of available shoe sizes -- often inhibits her ability to do things for herself. Here she tells us what it's like to navigate the world as a little person and asks: ""Who are we not designing for?""",https://www.youtube.com/watch?v=RD_SLJG7oi82017,"1 July, 2019","""Evans , Ashley""",Unknown,English,Awareness,Watch - Webcast,Beginner/ Débutant,Beginner/ Débutant,10 min,Design,"Accessibility, design, experience",Inclusive design,Accessibility,Watch,"Design with users,Build in accessibility from the start,Empower employees to deliver better services,Design ethical services",,TED,,2017
Designing for public services,,IDEO and Nesta team up to provide advice and create guides on how to design public services.,http://5a5f89b8e10a225a44ac-ccbed124c38c4f7a3066210c073e7d55.r9.cf1.rackcdn.com/files/pdfs/Nesta_Ideo_Guide_DesigningForPublicServices_100117.pdf,"1 July, 2019","""Evans , Ashley""",Unknown,English,"How to,Tool,Practice/Simulation ",Use - Guide,"Intermediate/ Intermédiaire,Advanced/ Avancé",Intermediate/ Intermédiaire,2 h,Design,"Public, service, design, government, citizens, service design","Human-centred design,Service design",Understanding service design,Use,"Design with users,Iterate and improve frequently,Design ethical services,Collaborate widely",,"IDEO,Nesta",,N/A
Canada.ca Content Style Guide,,Here are rules to create web content on Canada.ca content. They are based on writing principles and techniques that help make web content clear and adapted to the needs of all people.,https://www.canada.ca/en/treasury-board-secretariat/services/government-communications/canada-content-style-guide.html#annotations:bTlN5DxaEemrHCvmqE9Exw,"1 July, 2019","""Evans , Ashley""",Free to use,"French,English","How to,Tool,Awareness",Read - Article,"Intermediate/ Intermédiaire,Advanced/ Avancé",Intermediate/ Intermédiaire,2 h,Digital government,"Content, publish, plain language, web content",,,Read,Design with users,,"""Treasury Board of Canada Secretariat, TBS""",,2019
Primer to Web Accessibility for Designers,https://miro.medium.com/max/1200/1*iIf_E6-fjR5uihGK6MNDxA.jpeg,Why designers should care about web accessibility and how-to get started.,https://uxplanet.org/a-primer-to-web-accessibility-for-designers-2c548448c612,"1 July, 2019","""Evans , Ashley""",Unknown,English,"How to,Awareness",Read - Article,"Beginner/ Débutant,Intermediate/ Intermédiaire",Beginner/ Débutant,30 min,Design,"Accessibility, design, guidelines, contrast, content",,,Read,Design with users,"""Kramer , Nicholas""",Barrel,,2018
Interviewing humans,https://alistapart.com/wp-content/uploads/2013/02/excerptillustration_300.png?fit=1920%2C938,"Excerpt of Erika Hall's book, Just Enough Research, on interviewing people.",https://alistapart.com/article/interviewing-humans/,"1 July, 2019","""Evans , Ashley""",Unknown,English,"How to,Awareness",Read - Book,"Beginner/ Débutant,Intermediate/ Intermédiaire",Beginner/ Débutant,60 min,Design,"Design, interview, research, questions",,,Read,Design with users,"""Hall , Erika""",Mule Design,,2013
Ultimate Information Architecture Reading List,https://i0.wp.com/blog.optimalworkshop.com/wp-content/uploads/2019/06/The-ultimate-IA-reading-list_thumb.png?fit=1050%2C1050&ssl=1,A reading list to all things related to information architecture.,https://blog.optimalworkshop.com/the-ultimate-ia-reading-list/,"1 July, 2019","""Evans , Ashley""",Unknown,English,"Awareness,Tool",Read - Article,"Intermediate/ Intermédiaire,Advanced/ Avancé",Intermediate/ Intermédiaire,2 h,Design,"Information, architecture, content, definition",,,Read,Not directly applicable to any standard,"""Spencer , Donna""",Optimal Workshop,,2019
Beginner's Guide to Rapid Prototyping,https://cdn-media-1.freecodecamp.org/images/1*HX9NJx68T86OwbXaqVkvFQ.jpeg,A beginner's guide to rapid prototyping.,https://www.freecodecamp.org/news/a-beginners-guide-to-rapid-prototyping-71e8722c17df/,"1 July, 2019","""Evans , Ashley""",Unknown,English,"How to,Awareness",Read - Article,Beginner/ Débutant,Beginner/ Débutant,30 min,Design,"Prototype, refine, iterate, fidelity",,,Read,"Design with users,Work in the open by default,Collaborate widely",,freeCodeCamp,,2018
Color review,https://color.review/twitter-image-2.png,A colour tool to ensure use of accessible colours and contrast.,https://color.review,"1 July, 2019","""Evans , Ashley""",Free to use,English,Tool,Use - Application,"Beginner/ Débutant,Intermediate/ Intermédiaire,Advanced/ Avancé",Beginner/ Débutant,N/A,Design,"Colour, contrast, review, accessibility",,,Use,"Design with users,Design ethical services",,,,N/A
Digital Service Standard,,The Government of Ontario has created a Digital Service Standard that includes 14 points to help anyone build and deliver excellent government services. ,https://www.ontario.ca/page/digital-service-standard,"1 July, 2019","""Evans , Ashley""",Free to use,"French,English","Tool,Awareness,How to",Use - Guide,"Intermediate/ Intermédiaire,Advanced/ Avancé",Intermediate/ Intermédiaire,2 h,Digital government,"Digital, services, standard",,,Use,"Design with users,Address security and privacy risks,Design ethical services,Empower employees to deliver better services,Be good data stewards,Collaborate widely,Use open standards and solutions,Work in the open by default,Build in accessibility from the start,Iterate and improve frequently",,Government of Ontario,,2019
Selecting & developing individuals for agile teams,https://www.mckinsey.com/~/media/McKinsey/Business%20Functions/Organization/Our%20Insights/How%20to%20select%20and%20develop%20individuals%20for%20successful%20agile%20teams%20A%20practical%20guide/How-to-select-agile-teams_1536x1536_500.ashx,A practical guide on how-to create an agile team.,https://www.mckinsey.com/business-functions/organization/our-insights/how-to-select-and-develop-individuals-for-successful-agile-teams-a-practical-guide#annotations:Mf2lJD9uEemH8cNZmjmKRA,"1 July, 2019","""Evans , Ashley""",Not free to use,English,How to,Read - Article,Intermediate/ Intermédiaire,Intermediate/ Intermédiaire,60 min,Digital government,"agile, team, practice, behaviour, product",Agile culture,"Enabling team autonomy for results,Working in cross-functional teams,Influencing and nurturing self-organizing teams",Read,"Collaborate widely,Empower employees to deliver better services",,McKinsey & Company,,2018
Agile: How We're Working Differently,https://www.mckinsey.com/~/media/McKinsey/Business%20Functions/Organization/Our%20Insights/How%20to%20select%20and%20develop%20individuals%20for%20successful%20agile%20teams%20A%20practical%20guide/How-to-select-agile-teams_1536x1536_500.ashx,Government of Canada example of agile.,https://www.mckinsey.com/business-functions/organization/our-insights/how-to-select-and-develop-individuals-for-successful-agile-teams-a-practical-guide#annotations:Mf2lJD9uEemH8cNZmjmKRA,"1 July, 2019","""Evans , Ashley""",Free to use,"French,English",Awareness,Read - Article,Beginner/ Débutant,Beginner/ Débutant,10 min,Digital literacy,"agile, government, IT, user, needs",,,Read,"Work in the open by default,Design with users,Collaborate widely","""Benay , Alex""","""Treasury Board of Canada Secretariat, TBS""",,2018
Agile and government services: an introduction,https://assets.publishing.service.gov.uk/static/opengraph-image-a1f7d89ffd0782738b1aeb0da37842d8bd0addbd724b8e58c3edbc7287cc11de.png,Government of UK's approach to agile with case studies and examples.,https://www.gov.uk/service-manual/agile-delivery/agile-government-services-introduction,"1 July, 2019","""Evans , Ashley""",Free to use,English,"Tool,How to,Case study",Read - Article,"Intermediate/ Intermédiaire,Advanced/ Avancé",Intermediate/ Intermédiaire,2 h,Design,"Government, agile, product, phases",Agile culture,"Adaptability,Early and continuous delivery,Simplifying complexity and focusing on the essential ,Integrating technical and human-centred design practices,Understanding agile",Read,"Design with users,Empower employees to deliver better services,Collaborate widely,Iterate and improve frequently",,UK Digital Service,,2016
What is agile government?,,An answer to “What is agile government and how do I bring it to my team?” provided by the Apolitical community.,https://apolitical.co/question/what-is-agile-government-and-how-do-i-bring-it-to-my-team/,"1 July, 2019","""Evans , Ashley""",Unknown,English,"Awareness,Opinion",Read - Article,"Beginner/ Débutant,Intermediate/ Intermédiaire",Beginner/ Débutant,5 min,Digital government,"Agile, team, management",,,Read,Collaborate widely,,Apolitical,,N/A
Practical workshop facilitation skills certificate,,Gain practical hands-on experience with facilitation.,http://www.winnipegtransitioncentre.com/professional-development/practical-workshop-facilitation-skills-certificate/,"3 July, 2019","""Khullar , Kiran""",Not free to use,English,"Practice/Simulation ,Case study,How to,Awareness,Tool",Participate - Course in-person,Beginner/ Débutant,Beginner/ Débutant,7.5 h,Leadership,facilitation,,,Participate,Collaborate widely,,Winnipeg Transition Centre,"$1,365.00",n/a
Being Agile in the Ontario Public Service,,A great introductory overview of Agile principles and methods.,https://www.ontario.ca/page/being-agile-ontario-public-service,"3 July, 2019","""David , Isa""",Free to use,"English,French",Awareness,Read - Article,Beginner/ Débutant,Beginner/ Débutant,30 min,Digital government,agile,Agile culture,"Early and continuous delivery,Adaptability,Understanding agile",Read,Iterate and improve frequently,,Government of Ontario,,2019
Busrides.ca: Agile step-by-step,https://en.busrides-trajetsenbus.ca/wp-content/uploads/sites/2/2019/04/2019-04-15_12-31-28-1.png,Overview of what the agile methodology is and why it's relevant to us in the public service.,https://en.busrides-trajetsenbus.ca/episode-9/,"9 July, 2019","""David , Isa""",Free to use,"English,French","Awareness,Case study","Read - Blog post,Watch - Vlog",Beginner/ Débutant,Beginner/ Débutant,30 min,Digital government,agile,,,Watch,Iterate and improve frequently,"""Scanlan , Todd""",,,2019
Canadian Digi Gov Slack Group,,A Slack group chat to connect those working in the Canadian digital government space.,https://canadiandiggov.slack.com/,"9 July, 2019","""Evans , Ashley""",Free to use,"English,French","Awareness,Opinion,Tool",Use - Activity,Beginner/ Débutant,Beginner/ Débutant,N/A,Digital government,"Digital government, group",,,Use,Not directly applicable to any standard,,,,2019
Building a multidisciplinary team at ESDC,,"A Canadian Digital Service Blog by one of their partners, ESDC, and their experience forming a multidisciplinary team.",https://digital.canada.ca/2019/06/19/building-a-multidisciplinary-team-at-esdc-to-serve-people-better/,"15 July, 2019","""Evans , Ashley""",Free to use,"English,French","Awareness,Opinion",Read - Blog post,Beginner/ Débutant,Beginner/ Débutant,5 min,Digital government,"Multidisciplinary, team, tools, organization",,,Read,"Iterate and improve frequently,Work in the open by default,Empower employees to deliver better services,Collaborate widely","""Byrne , Nancy""","""Employment and Social Development Canada, ESDC""",,2019
Demystifying data analytics for policy analysts,https://miro.medium.com/max/1200/0*wg1Tpiz0eWmfzaOT,Blog by Anna Wong on her journey learning data and data analysis and its relevance in a policy environment.,https://medium.com/@banannawong/demystifying-data-data-analytics-data-science-and-more-for-policy-analysts-84d38f64c1ef,"16 July, 2019","""Evans , Ashley""",Free to use,English,"Awareness,Opinion",Read - Blog post,Beginner/ Débutant,Beginner/ Débutant,5 min,Data,"Data, policy, analysis",,,Read,"Work in the open by default,Be good data stewards","""Wong , Anna ""","""Canada School of Public Service, CSPS""",,2019
Finding Value in Everyday Learnings,https://miro.medium.com/max/1200/1*kZvD-lzl_AgcEu092Wrjxw.jpeg,Blog by Amanda Bernardo on continuous learning outside of formal training and learning means.,https://medium.com/@Amanda_Bernardo/finding-the-value-in-every-day-learnings-681c5a7cbee4,"16 July, 2019","""Evans , Ashley""",Free to use,English,"Awareness,Opinion",Read - Blog post,Beginner/ Débutant,Beginner/ Débutant,5 min,Digital literacy,"Learn, competency, style, education",,,Read,Empower employees to deliver better services,"""Bernardo , Amanda""","""Canada School of Public Service, CSPS""",,2019
Inclusive Design Training Lesson 1: Empathizing,https://i.ytimg.com/vi/LQ0wI5pJX3o/maxresdefault.jpg,"Understand empathy, service design, and disability. Playlist 1 of 6 on accessibility.",https://www.youtube.com/watch?v=LQ0wI5pJX3o&list=PLdcxts4DtHVFBKQJh6Bj85N-mUdqmku2Q,"16 July, 2019","""Evans , Ashley""",Free to use,English,Awareness,Watch - Animation,Beginner/ Débutant,Beginner/ Débutant,5 min,Design,"Empathy, accessibility, disability",,,Watch,"Design with users,Empower employees to deliver better services,Design ethical services",,Ontario Digital Service,,2019
Digital Accessibility Matters: Creating a More Inclusive Public Service,https://i.ytimg.com/vi/FCbITK316aA/maxresdefault.jpg,"Learn how to use technology and enhance accessibility, and develop policies, legislation, processes and technological solutions to better meet the needs of all users.",https://www.youtube.com/watch?v=FCbITK316aA&t=1680s,"16 July, 2019","""Evans , Ashley""",Free to use,"English,French",Awareness,Watch - Webcast,Beginner/ Débutant,Beginner/ Débutant,2 h,Digital government,"Accessibility, experience, disability",,,Watch,Build in accessibility from the start,,"""Canada School of Public Service, CSPS""",,2019
Lessons Learned After 3 yrs of Experimenting at the CRA,https://miro.medium.com/max/1200/1*70q_CWuS9UJdCBz3I6oN4g.jpeg,"The CRA has made experimentation a priority in recent years, and has become a leader in the Government of Canada in advocating for the use of experiments in evidence-based policymaking. That being said, the path towards experimentation hasn’t always been easy, and we’ve learned some lessons over the past few years. We were happy to share these lessons.",https://medium.com/@exp_works/lessons-learned-after-three-years-of-experimenting-in-the-canada-revenue-agency-423b9e9f12b9,"19 July, 2019","""Kearney , Thom""",,English,Case study,Read - Blog post,Beginner/ Débutant,Beginner/ Débutant,5 min,Digital government,"Data Literate,Results-Orientation,Adaptable,General Policy Knowledge","Innovation,Using data for decision-making","Defining the problem,Refining a solution based on data,Working in the open,Evidence-based decision making",Read,Iterate and improve frequently,,"""Canada Revenue Agency, CRA""",,2018
Health Data Challenge,http://www.healthdatachallenge.com/wp-content/uploads/2017/04/HDC-Facebook.png,"MaRS seeks to engage innovative Canadians – people and organizations of all backgrounds and skills – to propose and test new data sets, sources and methodologies to solve different health challenges.",http://www.healthdatachallenge.com,"19 July, 2019","""Kearney , Thom""",,"English,French",Case study,Participate - Challenge,Beginner/ Débutant,Beginner/ Débutant,N/A,Data,"Analytical,Data Literate,Collaborative,User Centric,Storytelling/Communications,Results-Orientation,Curious/Creative/Courage,Adaptable,General Policy Knowledge",,,,Collaborate widely,,MaRS,,N/A
Design Council Resources,,A collection of case studies and other materials for innovative policy design.,https://www.designcouncil.org.uk/resources/search,"19 July, 2019","""Kearney , Thom""",,English,How to,Use - Collection of resources,Beginner/ Débutant,Beginner/ Débutant,7.5 h,,"Analytical,Adaptable,Data Literate,User Centric,General Policy Knowledge,Collaborative,Curious/Creative/Courage",,,Use,Design with users,,Design Council,,N/A
A|B Testing in Government 101,https://i.ytimg.com/vi/K5nnKM3srqI/hqdefault.jpg,Overview of A|B testing in government setting from of a collection of US Government videos available on Youtube via DigitalGov.,https://www.youtube.com/watch?v=K5nnKM3srqI,"19 July, 2019","""Kearney , Thom""",,English,How to,Watch - Webcast,Beginner/ Débutant,Beginner/ Débutant,60 min,,"Analytical,Data Literate,User Centric",,,,Design with users,,"Consumer Financial Protection Bureau,""US Digital Government, DigitalGov""",,2018
Data Mining for Policymaking,,Series on data mining in the context of policy.,http://www.sciencemetrics.org/277-2/,"19 July, 2019","""Kearney , Thom""",,English,How to,Read - Blog post,Beginner/ Débutant,Beginner/ Débutant,60 min,,Data Literate,,,Read,Not directly applicable to any standard,"""Struck , Brooke""",Science-Metrix Inc.,,2017
DigitalGov,https://s3.amazonaws.com/digitalgov/digital-gov-card-2.jpg,"Digital resources for US government and othersFrom their site: Welcome to DigitalGov. Our mission is to transform how government learns, builds, delivers, and measures digital services in the 21st century. And we do that by providing people in government the tools, methods, practices and policy guidance they need to deliver effective and accessible digital services.",https://digital.gov/#,"19 July, 2019","""Kearney , Thom""",,English,How to,Use - Collection of resources,Beginner/ Débutant,Beginner/ Débutant,N/A,,"Analytical,Data Literate,User Centric,Results-Orientation,General Policy Knowledge",,,Use,Not directly applicable to any standard,,"""US Digital Government, DigitalGov""",,N/A
Handbook for Participatory Action Research,,"This handbook is an integrated collection of adapted and new tools and processes to engage people and mobilize evidence in complex settings involving multiple stakeholders. They draw inspiration from different disciplines, theoretical perspectives and methodological approaches. Aussi en Francais: https://docs.wixstatic.com/ugd/11f418_2b78b80c8e374163b844d0820acd55be.pdf ",https://docs.wixstatic.com/ugd/11f418_c56ab3b5fc5c455091178ac894ab359d.pdf,"19 July, 2019","""Kearney , Thom""",,"English,French",How to,Use - Collection of resources,Beginner/ Débutant,Beginner/ Débutant,2 h,,"Analytical,Data Literate,Collaborative,User Centric,General Policy Knowledge",,,,Collaborate widely,,"""Social Analysis Systems 2 Dialogue, SAS2""",,2013
How to Simulate the Universe in 134 Easy Steps,,"Modeling and simulation and demonstrate how it allows us to learn about a system through play, see how it evolves over time, and understand the underlying mechanism that make it tick.",https://ncase.me/OVC2016/#uninformed,"19 July, 2019","""Kearney , Thom""",,English,How to,Read - Presentation notes,Beginner/ Débutant,Beginner/ Débutant,60 min,Data,"Storytelling/Communications,Curious/Creative/Courage,Data Literate","Service design,Design research,Data awareness,Human analytics,Data analysis,Data use and presentation","Storytelling with data,Data visualization,Adopting systems mindset,Defining the problem,""Visualizing, analysing and sharing user research"",Thinking about data,Understanding application of data,Understanding communities and context,Making sense of data",Read,Not directly applicable to any standard,"""Case , Nicky""",,,2016
Beginner's Guide to Data Cleaning & Preprocessing,,How to successfully prepare your data for a machine learning model in minutes.,https://towardsdatascience.com/the-complete-beginners-guide-to-data-cleaning-and-preprocessing-2070b7d4c6d,"19 July, 2019","""Kearney , Thom""",,English,How to,Read - Blog post,Beginner/ Débutant,Beginner/ Débutant,30 min,Data,"Data Literate,Analytical",Data preparation,"Data cleaning,Data conversion",,Be good data stewards,"""Bonner , Anne""",Towards Data Science,,2017
Problem Framing Expertise in Public Innovation,,"Problem framing practices require high-level expertise, and capability building in public and social innovation should consider these emerging practices and levels of expertise.",https://www.sciencedirect.com/science/article/pii/S2405872618301114,"19 July, 2019","""Kearney , Thom""",,English,"How to,Case study",Read - Academic paper,Intermediate/ Intermédiaire,Intermediate/ Intermédiaire,60 min,Design,"Analytical,Data Literate","Innovation,Design thinking",Defining the problem,Read,Not directly applicable to any standard,"""van der Bijl-Brouwer , Mieke""",Tongji University,,2019
18F Blog Delivering Civic Technology,,"A collection with a service delivery improvement focus that includes lessons learned, modern practices, convincing stakeholders, culture change and product launch topics. ",https://18f.gsa.gov/blog/,"19 July, 2019","""Kearney , Thom""",,English,How to,Use - Collection of resources,Beginner/ Débutant,Beginner/ Débutant,60 min,Digital government,"Adaptable,Storytelling/Communications,Data Literate,Analytical,General Policy Knowledge,User Centric,Collaborative,Curious/Creative/Courage,Results-Orientation","Innovation,Agile culture","Working in cross-functional teams,Understanding agile",Use,"Collaborate widely,Design with users,Iterate and improve frequently,Build in accessibility from the start,Address security and privacy risks,Use open standards and solutions",,18F,,N/A
Gamestorming,,"Successful creative people tend to employ simple strategies and practices to get where they want to go. It’s not so much that they employ a consistent, repeatable process that leads to consistent creative results. It’s more like a workshop with a set of tools and strategies for examining things deeply, for exploring new ideas, for performing experiments and testing hypotheses, to generate new and surprising insights and results.We have collected the best of these practices wherever we could find them, with a special focus on Silicon Valley, innovative companies, and the information revolution.",https://gamestorming.com/,"19 July, 2019","""Kearney , Thom""",,English,How to,"Use - Activity,Use - Game",Beginner/ Débutant,Beginner/ Débutant,N/A,Design,Curious/Creative/Courage,"Design thinking,Design research","Ideation techniques,Defining the problem,Developing potential solutions,User research methods",Use,Design with users,,Gamestorming,,N/A
Innovation Toolkit,,"A multi-disciplinary team of MITRE engineers curated the MITRE Innovation Toolkitto help our colleagues, sponsors, and collaborators jumpstart the innovation process. MITRE is associated with MIT",https://itk.mitre.org/,"19 July, 2019","""Kearney , Thom""",,English,How to,Use - Collection of resources,Beginner/ Débutant,Beginner/ Débutant,N/A,Design,"Curious/Creative/Courage,Collaborative,User Centric","Design thinking,Innovation","Defining the problem,Developing potential solutions",Use,Not directly applicable to any standard,,MITRE,,N/A
Prototyping in Policy — What For?!,,"Prototypes turn an idea into a form to explore both technical and social feasibility. Whether an idea eventually fails or succeeds, prototyping can help policy-makers, researchers, and others to make the idea more real before investing heavily in it. It helps us sketch, in low-risk and low-resource ways, how a new policy might work. Ideally, it can ‘fail-forward’ or point to better ways to pilot it more robustly. The focus is not on the final outcome (the success or failure), but on the path and its learnings.",https://medium.com/legal-design-and-innovation/prototyping-in-policy-what-for-c7c567d922ec,"19 July, 2019","""Kearney , Thom""",,English,"Opinion,Research",Read - Blog post,Beginner/ Débutant,Beginner/ Débutant,5 min,Digital government,"User Centric,Curious/Creative/Courage","Design thinking,Service design,Human-centred design,Agile culture,Innovation","Prototyping,Ideation techniques,Understanding design as a discipline,Adaptability,Defining the problem",Read,Design with users,"""Kontschieder , Verena""",Stanford Law School,,2018
What's the Role of Design in Policy?,https://openpolicy.blog.gov.uk/wp-content/themes/gds-blogs/build/govuk_template/assets/images/opengraph-image.png?0.22.3,"The policy-making process is complex and potentially messy, with no ‘right way’. But this very messiness is what might make it particularly suited to design methods.",https://openpolicy.blog.gov.uk/2018/02/07/whats-the-role-of-design-in-policy/,"19 July, 2019","""Kearney , Thom""",,English,"Opinion,Tool",Read - Blog post,Beginner/ Débutant,Beginner/ Débutant,5 min,Digital government,"Analytical,Data Literate,Collaborative,User Centric,Storytelling/Communications,Results-Orientation,Curious/Creative/Courage,Adaptable,General Policy Knowledge",Design research,User research methods,Read,Design with users,"""Robinson , Jasmine""","""Government of UK, GOV.UK"",Policy Lab UK",,2018
Design Thinking for Complex Environments,https://i.ytimg.com/vi/7wPvG1uFY_M/hqdefault.jpg,"Nilufer Erdebil's talk on design thinking for problem solving. It provides a good overview of the concepts, Canadian context, pulling back and looking at problem before going straight to solutions, with a focus on empathy, personas and reframing to help understand problem better.",https://www.youtube.com/watch?v=7wPvG1uFY_M,"19 July, 2019","""Kearney , Thom""",,English,Opinion,Watch - Webcast,Beginner/ Débutant,Beginner/ Débutant,30 min,Design,"User Centric,Storytelling/Communications,Curious/Creative/Courage,General Policy Knowledge",Design thinking,"Empathy,Defining the problem",Watch,Not directly applicable to any standard,"""Erdebil , Nilufer""",TEDx,,2019
Coalition to Advance Democracy in the Digital Age,,"In countries and communities around the world, defenders of democracy are working to understand and respond to the ways that technology is impacting political and electoral processes. Civil society organizations, grassroots organizers, journalists, civic technologists, political parties, election monitors, fact-checkers, researchers and others are building new tools, developing new analytical models, and implementing local strategies to help navigate accelerating challenges like politically-motivated cyber threats, digital disinformation and computational propaganda. Both globally and regionally, key democracy stakeholders haven’t had a proper channel for information-sharing, research coordination, and advancing shared priorities at the intersection of tech and democracy. So we’re building one, as a community.",https://civichall.org/civicist/coalition-advance-democracy-digital-age/,"19 July, 2019","""Kearney , Thom""",,English,Opinion,Read - Article,Beginner/ Débutant,Beginner/ Débutant,30 min,Digital government,"User Centric,Results-Orientation,Adaptable,General Policy Knowledge","Communication ,Human analytics,Stewardship","Digital communication,Understanding web as a medium and context,Fact checking,Identifying misinformation,Assessing the partiality of online content,Understanding communities and context,Security and privacy",Read,Address security and privacy risks,"""Wainscott , Kip""",Civic Hall,,2018
Making it Easier for Policy Makers to do Open Policy,,"This article speaks about the definition of open policy making as being: open to diverse and divergent perspectives; open to the methods you employ to make better policy, and; open to the results from testing. And in many ways, this is what policy makers have always sought to do. However, this article provides us with various tools and ways to practice effective open policy making. Open policy is about harnessing new ways to learn about how policies are experienced and then designing collaboratively with service user",https://openpolicy.blog.gov.uk/2018/07/11/how-can-we-make-it-easier-for-policy-makers-to-practise-open-policy/,"19 July, 2019","""Kearney , Thom""",,English,Opinion,Read - Blog post,Beginner/ Débutant,Beginner/ Débutant,5 min,Digital government,"Analytical,Data Literate,Collaborative,User Centric,Results-Orientation,Adaptable",Collaboration,Working in the open,Read,Collaborate widely,"""Chari , Vasant""","""Government of UK, GOV.UK"",Policy Lab UK",,2018
Goodhart’s Law and Why Measurement is Hard,,"This article explains why measures are used. ""There are lots of good reasons, and a useful heuristic for understanding where to use them is to look for the triad of intuition, trust, and complexity. Metrics are popular because they allow people to use measures to make rules — and these rules can often be pretty effective. Systems change in response to incentives, and good metrics let us make rules that create the right incentives to improve."" ",https://www.ribbonfarm.com/2016/06/09/goodharts-law-and-why-measurement-is-hard/,"19 July, 2019","""Kearney , Thom""",Unknown,English,Opinion,Read - Blog post,Intermediate/ Intermédiaire,Intermediate/ Intermédiaire,60 min,Data,"Analytical,Data Literate,Results-Orientation,Adaptable","Using data for decision-making,Data use and presentation","Evidence-based decision making,Measuring the right thing,Thinking with data,Thinking about data",Read,Be good data stewards,"""Manheim , David""",Ribbonfarm,,2016
How Public Policy Can Thrive in a Data World,https://media.licdn.com/dms/image/C5612AQFLY753PrcI6A/article-cover_image-shrink_600_2000/0?e=1570665600&v=beta&t=Nw07YYdfrG3fweKip46RpaVWhzucwYS8-8x5PoUAItI,"This post brings together ideas on how policy makers can navigate - and thrive - in our digital world. We can do this by better utilising technology and using our ""human"" attributes to greater advantage; the two not only complement, but enhance each other.",https://www.linkedin.com/pulse/how-public-policy-can-thrive-data-world-audrey-lobo-pulo/,"19 July, 2019","""Kearney , Thom""",,English,Opinion,,Beginner/ Débutant,Beginner/ Débutant,30 min,,"Analytical,Data Literate,Collaborative,User Centric,Storytelling/Communications,Results-Orientation,Curious/Creative/Courage,Adaptable,General Policy Knowledge",,,,Be good data stewards,,,,
Twin Faces of Public Sector Design,,"Design thinking does not sufficiently account for the political and organizational contexts of policy work. Design thinking also errs in universally privileging one particular policy style over others, and fails to account for the reality of policy mixes. Despite these deficiencies, it is argued that design thinking can inform and enrich governance by helping policy designers produce more adaptable designs, better appreciate the behavioral dynamics of public sector design, and leverage networked approaches to social problem solving.",https://onlinelibrary.wiley.com/doi/10.1111/gove.12342,"19 July, 2019","""Kearney , Thom""",,English,Opinion,,Beginner/ Débutant,Beginner/ Débutant,60 min,,"Analytical,Data Literate,Collaborative,User Centric,Curious/Creative/Courage,General Policy Knowledge",,,,Not directly applicable to any standard,,,,
Designing Collaboration,https://i2.wp.com/designingcollaborationbook.com/wp-content/uploads/2018/08/Innosis-blocks.png?fit=508%2C507&ssl=1,"Collaboration is being talked about everywhere. Social collaboration tools are being rolled out daily, yet are struggling to deliver on the promise of seamless cross-organisational collaboration. Poor adoption. Confusion. Change stress. Uncertainty. These are just some of the challenges that come with the proliferation of social collaboration tools and their expansive feature sets. To find answers we need to look past the tools. We need to understand that tools don’t switch on collaboration, people do. We need to change the conversation from ‘collaboration tools’ to collaborative people.",https://designingcollaborationbook.com/,"19 July, 2019","""Kearney , Thom""",,English,Opinion,,Beginner/ Débutant,Beginner/ Débutant,N/A,,"Collaborative,Storytelling/Communications,Results-Orientation,Curious/Creative/Courage",,,,Collaborate widely,,,,
The Tools and Discipline of Data Storytelling,https://media.licdn.com/dms/image/C5612AQHaOaV8DGHJMQ/article-cover_image-shrink_720_1280/0?e=1570665600&v=beta&t=mLxpnYOrx60ZbfYF1k-YYg5UH6wXw1_rQXjsDyfM37c,"Data storytelling is usually made up of multiple data visualisations, connected through narrative. Effective data storytelling requires tools capable of visualising data and communicating narrative.",https://www.linkedin.com/pulse/tools-discipline-data-storytelling-kat-greenbrook,"19 July, 2019","""Kearney , Thom""",,English,Opinion,,Beginner/ Débutant,Beginner/ Débutant,30 min,,"Data Literate,Storytelling/Communications",,,,Not directly applicable to any standard,,,,
"From Research Labs to Data Training, Here's How to Bring Evidence into Policy",https://apolitical.co/wp-content/uploads/2018/11/rawpixel-983726-unsplash-1-1024x683.jpg,"A critique of the relationship between research, evidence, and policy in Canada, and suggestions for how to work better together.",https://apolitical.co/solution_article/bring-evidence-into-policy/,"19 July, 2019","""Kearney , Thom""",,English,Opinion,,Beginner/ Débutant,Beginner/ Débutant,30 min,,"Collaborative,Analytical,Results-Orientation,User Centric,General Policy Knowledge,Data Literate",,,,Not directly applicable to any standard,,,,
In the Dark: The Cost of Canada’s Data Deficit,https://www.theglobeandmail.com/resizer/YzArKp8WoBYx6bBZLJzJ4K7aOkM=/1200x0/filters:quality(80)/arc-anglerfish-tgam-prod-tgam.s3.amazonaws.com/public/VISU63S7OJBO5EIKCF4ESMVREM.jpg,"When it comes to basic data about its own citizens – from divorce rates to driving patterns to labour trends – Canada simply doesn’t have the answers. If information is power, this country has a big problem",https://www.theglobeandmail.com/canada/article-in-the-dark-the-cost-of-canadas-data-deficit/,"19 July, 2019","""Kearney , Thom""",,English,Opinion,,Beginner/ Débutant,Beginner/ Débutant,30 min,,"Analytical,Data Literate,Results-Orientation,General Policy Knowledge",,,,Be good data stewards,,,,
Behavioural Insights Team,https://www.bi.team/wp-content/themes/bit/assets/img/default-share-image.jpg,"We generate and apply behavioural insights to inform policy, improve public services, and deliver positive results for people and communities. ",https://www.bi.team,"19 July, 2019","""Kearney , Thom""",,English,Research,,Beginner/ Débutant,Beginner/ Débutant,N/A,,"Analytical,Data Literate,Collaborative,User Centric,Storytelling/Communications,Results-Orientation,Curious/Creative/Courage,Adaptable,General Policy Knowledge",,,,Design with users,,,,
Five Models for Making Sense of Complex Systems,https://miro.medium.com/max/1200/1*6nHOCIbtHkT-M-j0MWZ8Vw.jpeg,"The five models are exploratory/conceptual or declarative/conceptual models (or maps or diagrams.) That means they are based in ideas, not data. These five diagrams are particularly useful for understanding complex systems. This seems more important every day, as we are all complexifying things full time",https://medium.com/@cwodtke/five-models-for-making-sense-of-complex-systems-134be897b6b3,"19 July, 2019","""Kearney , Thom""",,English,Research,,Beginner/ Débutant,Beginner/ Débutant,60 min,,"Analytical,Data Literate,User Centric,Curious/Creative/Courage,Adaptable,General Policy Knowledge",,,,Not directly applicable to any standard,,,,
Digital Government Atlas: Best Resources,https://apolitical.co/wp-content/uploads/2018/08/milky-way-2675322_1920.jpg,A collection with these categories of resources: Digital government guidesDigital standardsGovernment GitHubsOpen source resourcesTools/toolkitsOpen data resourcesOpen data setsData visualisation,https://apolitical.co/solution_article/the-digital-government-atlas-the-worlds-best-tools-and-resources/,"19 July, 2019","""Kearney , Thom""",,English,Research,,Beginner/ Débutant,Beginner/ Débutant,N/A,,"Data Literate,General Policy Knowledge",,,,Not directly applicable to any standard,,,,
7 Lenses Maturity Matrix,https://transformingtogether.blog.gov.uk/wp-content/themes/gds-blogs/build/govuk_template/assets/images/opengraph-image.png?0.22.3,"The 7 Lenses maturity matrix is a practical tool to help teams reflect on their transformation, have focused discussions, and identify which areas need more attention. The matrix was the result of extensive collaboration between colleagues across government, and the team have shared their experience of developing and using the tool.",https://transformingtogether.blog.gov.uk/2018/09/25/the-7-lenses-maturity-matrix/,"19 July, 2019","""Kearney , Thom""",,English,Tool,,Beginner/ Débutant,Beginner/ Débutant,30 min,,"Data Literate,Results-Orientation,Adaptable",,,,Collaborate widely,,,,
New Data Science Cheat Sheet,https://storage.ning.com/topology/rest/1.0/file/get/1211594608?profile=RESIZE_710x,"A reference in data science that covers basic concepts in probability, statistics, statistical learning, machine learning, deep learning, big data frameworks and SQL.",https://www.datasciencecentral.com/profiles/blogs/new-data-science-cheat-sheet,"19 July, 2019","""Kearney , Thom""",,English,Tool,,Beginner/ Débutant,Beginner/ Débutant,2 h,,"Data Literate,Results-Orientation",,,,Be good data stewards,,,,
Bringing Together Policy and Digital Delivery,https://miro.medium.com/max/1200/1*oi_T0UtNu8pnxXB_W3EeSQ.jpeg,"Within the Canadian government, there’s a growing movement to bring more traditional policy work into the digital era. This article speaks on why you should have a policy team within a digital delivery shop, and what it takes to be an effective policy person within a delivery team.",https://medium.com/@canadiandigitalservice/bringing-together-policy-and-digital-delivery-557449921aa8,"19 July, 2019","""Kearney , Thom""",,English,Awareness,,Beginner/ Débutant,Beginner/ Débutant,30 min,,"Data Literate,User Centric,Results-Orientation,Curious/Creative/Courage,Adaptable,General Policy Knowledge",,,,Not directly applicable to any standard,,,,
Design for Policy,https://images.tandf.co.uk/common/jackets/amazon/978147241/9781472413529.jpg,"Design for Policy is the first publication to chart the emergence of collaborative design approaches to innovation in public policy. Drawing on contributions from a range of the world’s leading academics, design practitioners and public managers, it provides a rich, detailed analysis of design as a tool for addressing public problems and capturing opportunities for achieving better and more efficient societal outcomes. ",https://www.routledge.com/Design-for-Policy-1st-Edition/Bason/p/book/9781472413529,"19 July, 2019","""Kearney , Thom""",,English,Awareness,,Beginner/ Débutant,Beginner/ Débutant,N/A,,General Policy Knowledge,,,,Collaborate widely,,,,
Principles and Practices for Government in the Digital Age,https://miro.medium.com/max/1200/0*02b8JUPMD7zT0ML4.,"The movement to modernize government technology has been focused on the delivery of government services using modern technology and best practices. But that is only half the solution; now we must also learn to drive policy and operations around delivery and users, and complete the feedback circuit. Only then can we effectively achieve the goals government policies intend. This article speaks about the importance of developing policy around a deep understanding of the needs of its intended beneficiaries, and increases ongoing situational awareness.",https://medium.com/code-for-america/delivery-driven-government-67e698c57c7b,"19 July, 2019","""Kearney , Thom""",,English,Awareness,,Beginner/ Débutant,Beginner/ Débutant,10 min,,"Collaborative,User Centric,Results-Orientation,Curious/Creative/Courage,Adaptable,General Policy Knowledge",,,,Not directly applicable to any standard,,,,
How Collective Intelligence Can Change our World,https://michaelhoganpsychology.files.wordpress.com/2018/08/geoff.png,"This article focusses on the definition of intelligence and the way it has been shaped and altered through time to reflect the changes of society and human behaviour. It touches on the type of support available for teams and groups working to address complex issues across a variety of organizational and societal contexts. Because of the greater diversity in this world, it creates a need for greater collective intelligence and synthesis. The focus of the article explores the question: How can collective intelligence arise?",https://michaelhoganpsychology.com/2018/08/20/a-commentary-on-big-mind-how-collective-intelligence-can-change-our-world-by-geoff-mulgan/,"19 July, 2019","""Kearney , Thom""",,English,Awareness,,Intermediate/ Intermédiaire,Intermediate/ Intermédiaire,60 min,,"Analytical,Data Literate,User Centric,Results-Orientation",,,,"Collaborate widely,Empower employees to deliver better services",,,,
What is User Experience (UX) Design?,https://public-media.interaction-design.org/images/website-thumbnail-image.png,"User experience (UX) design is the process of creating products that provide meaningful and relevant experiences to users. This involves the design of the entire process of acquiring and integrating the product, including aspects of branding, design, usability, and function.",https://www.interaction-design.org/literature/topics/ux-design,"19 July, 2019","""Kearney , Thom""",,English,Awareness,,Beginner/ Débutant,Beginner/ Débutant,30 min,,"User Centric,Results-Orientation,Adaptable",,,,Design with users,,,,
Proposal for a Collaborative Design Framework,,"Given the GoC's need for diversity and diverse perspectives, this could inform the way we co-design with more stakeholders to create more diverse data to inform policy making,  From the site: This book focuses on “massive codesign”: the idea that multiple and/or numerous participants having different voices collaborate in a design process broken down into different steps and formats and resulting in a relevant and diversified amount of data.",http://ojs.francoangeli.it/_omp/index.php/oa/catalog/book/303,"19 July, 2019","""Kearney , Thom""",,English,Awareness,,Beginner/ Débutant,Beginner/ Débutant,2 h,,"Analytical,Data Literate,Collaborative,User Centric,Storytelling/Communications,Results-Orientation,Curious/Creative/Courage,Adaptable,General Policy Knowledge",,,,Collaborate widely,,,,
Data Skills for Public Servants: Where to Learn for Free,https://apolitical.co/wp-content/uploads/2018/10/Optimized-folders.jpg,"From leadership and communication to data and digital, this collection of these courses and resources will get you where you need to.",https://apolitical.co/solution_article/data-skills-for-public-servants-where-to-learn-for-free/,"19 July, 2019","""Kearney , Thom""",,English,Awareness,,Beginner/ Débutant,Beginner/ Débutant,N/A,,"Analytical,Data Literate,Collaborative,User Centric,Storytelling/Communications,Results-Orientation,Curious/Creative/Courage,Adaptable,General Policy Knowledge",,,,Not directly applicable to any standard,,,,
Democratization of Data Science,https://hbr.org/resources/images/article_assets/2018/07/jul18-27-833771544-Patricia-Toth-McCormick.jpg,"These days every industry is drenched in data, and the organizations that succeed are those that most quickly make sense of their data in order to adapt to what’s coming. The best way to enable fast discovery and deeper insights is to disperse data science expertise across an organization.",https://hbr.org/2018/07/the-democratization-of-data-science,"19 July, 2019","""Kearney , Thom""",,English,Awareness,,Beginner/ Débutant,Beginner/ Débutant,30 min,,Data Literate,,,,Be good data stewards,,,,
Introduction to GBA+,,"Gender-based Analysis Plus (GBA+) is an analytical process used to assess how diverse groups of women, men and non-binary people may experience policies, programs and initiatives. GBA+ also considers many other identity factors, such as race, ethnicity, religion, age, and mental or physical disability.",https://cfc-swc.gc.ca/gba-acs/course-cours-2017/eng/mod00/mod00_01_01.html,"19 July, 2019","""Kearney , Thom""",,"English,French",Awareness,Participate - Course online,Beginner/ Débutant,Beginner/ Débutant,2 h,Design,"Analytical,Data Literate,Results-Orientation,User Centric",,,,"Build in accessibility from the start,Design with users",,,,
"Abuse My Data, Just Do it Right",https://public.digital/wp-content/uploads/2019/06/signals1signals2-w.jpg,"Great, short opinion piece on data use and ethics with a number of important questions to ask ourselves in the process.",https://public.digital/signals/abuse-my-data-just-do-it-right/,"26 July, 2019",,Not free to use,English,Awareness,Read - Blog post,Beginner/ Débutant,Beginner/ Débutant,5 min,Data,,"Data use and presentation,Data awareness,Human analytics","Security and privacy,Ethics,Improving services with data,Understanding communities and context",Read,"Be good data stewards,Address security and privacy risks,Design ethical services","""Colker , Emilie""",IDEO,$0.00,2018
Key pillar of our digital future: Tell Us Once,https://i.ytimg.com/vi/eM186AW-fc4/maxresdefault.jpg,"Easy to watch video that tells the ""opportunity"" story of public service modernization.",https://www.youtube.com/watch?v=eM186AW-fc4,"26 July, 2019",,,"English,French",Awareness,Watch - Animation,Beginner/ Débutant,Beginner/ Débutant,5 min,Digital government,service program modernization,"Data awareness,Data collection",,Watch,"Be good data stewards,Address security and privacy risks",,"""Treasury Board of Canada Secretariat, TBS""",,
Changing mindsets by breaking silos,https://public.digital/wp-content/uploads/2019/06/s1-uchiyama.jpg,"An article about changing mindsets through logic rather than methodologies, by breaking silos, and bringing in UX practitioners.",https://public.digital/signals/changing-mindsets-by-breaking-silos/,"26 July, 2019",,Not free to use,English,Awareness,Read - Article,Beginner/ Débutant,Beginner/ Débutant,10 min,Digital government,#mindsets,"Collaboration,Human-centred design",Working in cross-functional teams,Read,"Empower employees to deliver better services,Collaborate widely","""Uchiyama , Heidi""",Public Digital,,2018
A|B Testing in Government 102 ,https://i.ytimg.com/vi/ZO6uYBoseCQ/hqdefault.jpg,Overview of A|B testing in government setting from of a collection of US Government videos available on Youtube via DigitalGov.,https://www.youtube.com/watch?v=ZO6uYBoseCQ,"9 August, 2019","""Kearney , Thom""",,English,How to,Watch - Webcast,Beginner/ Débutant,Beginner/ Débutant,60 min,,"Analytical,Data Literate,User Centric",,,,Design with users,,"""US Digital Government, DigitalGov"",Consumer Financial Protection Bureau",,2018
Let’s write more blog posts: an experiment,,An excellent strategy to share work in the open and learn from others via pair-writing.,https://amyhupe.co.uk/articles/lets-write-more-blog-posts-an-experiment/,"10 August, 2019","""Cheinman , Ksenia """,Unknown,English,"How to,Tool","Use - Activity,Use - Template,Read - Article","Beginner/ Débutant,Intermediate/ Intermédiaire,Advanced/ Avancé",Beginner/ Débutant,10 min,Digital government,,"Collaboration,Agile culture","Working in the open,Communicating effectively,Digital communication",Use,Work in the open by default,"""Hupe , Amy""","""Government of UK, GOV.UK""",$0.00,2019
De-risking custom technology projects - A handbook for state budgeting and oversight,,"A handbook that walks you through how to minimize risk in technology projects, including Agile methods, human-centred design, and DevOps.",https://github.com/18F/technology-budgeting/blob/master/handbook.md,"10 August, 2019","""Cheinman , Ksenia """,Unknown,English,How to,Use - Collection of resources,Intermediate/ Intermédiaire,Intermediate/ Intermédiaire,2 h,Digital government,,Agile culture,Integrating technical and human-centred design practices,Use,"Design with users,Build in accessibility from the start,Iterate and improve frequently,Use open standards and solutions",,18F,$0.00,2019